label,value
P,19.471582608182352
Q,50.25292977912872
R,53.77047226424198
S,85.7261280103299
T,24.820016843422223
P,26.637147654752365
Q,38.80874084258091
R,71.57506609389095
S,59.84730027713682
T,22.229157717343863
P,14.155773564021422
Q,70.60240077765219
R,13.683130239058235
S,16.566865489880094
T,54.73825914855789
P,60.028214715350906
Q,29.52222039209349
R,92.4306954574197
S,61.61532575956335
T,67.09049577784013
P,39.6650879353534
Q,69.92906824725925
R,86.3998095089756
S,22.229028248580402
T,95.72668787170056
P,89.55677040797381
Q,51.20647177034299
R,82.6251958593564
S,66.58636577318205
T,85.81597204257103
P,28.156961837603912
Q,25.426113981689596
R,38.546381732859494
S,49.56302414509752
T,74.97042682018717
P,66.65420065780955
Q,86.74659984166694
R,42.9886184675773
S,89.60894414180189
T,14.104463809910996
P,98.68027685422183
Q,59.18230142260849
R,97.80824984908121
S,53.3477692908687
T,72.90047554549149
P,46.51612087469146
Q,67.7498462075837
R,66.81608118049513
S,57.438993364267304
T,83.14966188081367
P,43.83806812268948
Q,39.18785354946204
R,18.255238935355386
S,67.114472346372
T,71.88710244294417
P,19.745181429364024
Q,86.91415970151957
R,12.084436746600339
S,39.36112644951245
T,22.368677307202713
P,45.06688293318722
Q,50.26097584634584
R,98.15008971241322
S,44.7035230622986
T,63.38931550491887
P,68.54482319435795
Q,71.43102631432177
R,48.67462129196528
S,55.297766574165315
T,39.59778414929147
P,15.782370024011561
Q,43.01698445198272
R,92.32447225745251
S,80.08625067504778
T,83.95462039818179
P,24.564323533282142
Q,37.95956412343214
R,68.12131663691666
S,10.711186723574373
T,23.634266276781855
P,81.26107312031651
Q,99.69848635172278
R,98.13198759389368
S,19.729100003258143
T,31.050264986650806
P,89.52502793161312
Q,98.05794597299546
R,65.80944156737253
S,86.95056705486881
T,40.64027744160127
P,15.453396629989694
Q,54.22332814415109
R,29.8750811380728
S,81.71219896062327
T,97.65405653926904
P,45.40663529775687
Q,49.28138680257927
R,81.68879041522034
S,83.03982916782061
T,64.66316011099448
P,43.95520112565334
Q,92.19651270473537
R,30.875713190495105
S,45.011080285212635
T,44.64603158896653
P,77.26800518513733
Q,94.75798046770953
R,81.75545843724541
S,11.387834240871907
T,57.970292330366085
P,66.85399155147695
Q,14.048655971707024
R,93.04462955364646
S,57.203441303513955
T,68.64786954268801
P,84.21574360843697
Q,94.91052898053701
R,80.18965169361175
S,38.4688381839833
T,39.08000661331204
P,11.082356811944106
Q,77.28338363406812
R,95.82796778573045
S,56.894468474719496
T,71.1935630280255
P,78.70075798965523
Q,91.34234181463542
R,86.26124269551364
S,32.843228049413455
T,12.177634210985781
P,57.44016437146176
Q,54.70308778104636
R,92.09027482214483
S,26.362309823337572
T,12.379333405841043
P,50.51217249467488
Q,94.30483240964861
R,11.751454505839526
S,91.5868551281311
T,18.49974983503014
P,84.10051818967796
Q,59.74183082289423
R,57.06528347207894
S,43.25137955346306
T,49.40851461684968
P,19.011192673199275
Q,34.74958458608279
R,42.46976939752319
S,47.34458154656797
T,61.42326101878867
P,10.171764508929485
Q,15.168217857907148
R,37.142366277561536
S,83.74528413902223
T,20.486561072921084
P,77.2897549305944
Q,60.54655285623668
R,28.699206702524684
S,39.622983575646536
T,81.83854958681847
P,94.90573735507974
Q,21.57813459554546
R,59.10191157007488
S,57.48393534097599
T,66.19596250400272
P,39.13379921849561
Q,15.559460957658182
R,68.56195967075178
S,85.92541660741452
T,98.65381571472732
P,55.08379360994808
Q,84.62350252973886
R,24.687412828941497
S,20.00725455981081
T,72.74650172139346
P,98.99720408078792
Q,38.69950186810438
R,98.2437207449981
S,67.93493041692287
T,83.70004343571732
P,86.63136973546732
Q,14.460834950244655
R,52.52293518968422
S,41.072485518335895
T,15.143619500240266
P,72.56581932067057
Q,68.22517308273942
R,56.01723893674044
S,10.024524595503605
T,35.23906579569051
P,24.268499649861663
Q,60.683143690444574
R,61.0368154253777
S,76.83928162310004
T,22.496107007220242
P,52.79623598936265
Q,84.62045226369926
R,29.66166971354115
S,40.16778941449925
T,19.036615418727973
P,39.86781475494903
Q,82.91460633341823
R,84.16117582694156
S,44.868493481545784
T,72.90171121582536
P,16.641734687878596
Q,61.33397420361719
R,15.943667209875734
S,77.38380766791022
T,34.66959745521369
P,55.313231140824385
Q,77.65946544180876
R,66.38605177618633
S,54.02348058082206
T,74.91865182624647
P,97.30709353191716
Q,48.61100511036448
R,89.63717110389598
S,69.1817997530592
T,56.9859830825731
P,85.46223615675025
Q,53.53133431622531
R,11.21646530830214
S,54.59895146662651
T,56.97736994172745
P,70.72484789572633
Q,98.3328160919109
R,16.141572296420456
S,50.23387013628296
T,69.3693708615742
P,97.59507735218384
Q,33.27717095368658
R,29.654556072089065
S,53.01949183084706
T,45.647437917120584
P,80.35447231883236
Q,33.058906818329596
R,54.104677127899286
S,31.430521080083086
T,81.55431518791781
P,83.76350266667845
Q,25.006989327145103
R,40.30087775590713
S,47.619489925936826
T,52.69556858840561
P,18.44991214519967
Q,19.92569904159673
R,16.10835595585391
S,21.134330304035043
T,34.469964027475
P,10.9489542145373
Q,31.567042958710033
R,22.125801546160563
S,25.061077570695325
T,49.28156064764168
P,50.466345814163056
Q,87.83239893685698
R,35.54211179237468
S,75.56784044896104
T,69.55461029103255
P,29.622738006423393
Q,90.1621043886974
R,23.721494882095353
S,46.84579320076913
T,39.96944373871408
P,94.19594461788458
Q,62.06684098010774
R,30.480589286342788
S,94.23778716887212
T,86.08324678836743
P,69.94250705268054
Q,27.260328447485694
R,94.72034928560896
S,32.64850498522546
T,35.51669723932276
P,10.72064547837405
Q,91.42382730163345
R,90.68162931215112
S,70.75958514169092
T,47.63981556607903
P,92.19989506356166
Q,35.936466184822415
R,38.87216241369652
S,78.14032188759047
T,65.42749815848312
P,75.84653516432412
Q,62.3325603572213
R,56.408673833028516
S,87.3813924108986
T,41.72698441860544
P,44.82500132851034
Q,23.084955741001433
R,40.15109509998492
S,94.1768620618106
T,42.665268951411704
P,13.651760381976361
Q,40.053203413916584
R,34.99281855497454
S,82.56726496779002
T,72.07673587346501
P,17.035294285136303
Q,53.2866429763863
R,11.364426856578557
S,60.020425077758865
T,43.5370939117028
P,88.86656361964812
Q,44.184448040878394
R,94.8887961258806
S,56.35929697285304
T,42.79336363938433
P,51.2959791595703
Q,41.668307981158456
R,77.91440177346387
S,25.52778720837023
T,25.02057840606524
P,38.27929928521733
Q,78.99242260807029
R,65.65209658527495
S,14.784435069898594
T,72.28956934752502
P,41.058657726635566
Q,93.09896065232604
R,28.2222962554055
S,77.67422473399105
T,22.174759124257992
P,41.563363906689496
Q,66.76816952680657
R,80.83461404709703
S,44.05494880472355
T,72.98181412167612
P,41.59258932132551
Q,55.67591771533969
R,68.53214472575392
S,88.36254471547238
T,40.04732107247798
P,90.67242951998949
Q,91.76282849289011
R,56.10188786158703
S,20.439641093346154
T,37.66564870733038
P,91.96001911903578
Q,38.55361077003144
R,46.175827159888556
S,18.215734235760053
T,99.07562989150568
P,71.11130475685353
Q,46.88748664201689
R,34.2298178926884
S,15.014399224932477
T,45.77010237256207
P,24.508292510514682
Q,24.53363610177061
R,73.83221514449416
S,89.97189639804749
T,70.50297632603487
P,40.5835585608484
Q,51.97366477291478
R,76.37780124005573
S,74.20777794728647
T,32.80604769444018
P,39.903335761220944
Q,74.49634958168414
R,61.85816862848523
S,17.941645357485918
T,96.73533727549297
P,50.781946296145534
Q,24.01748254898837
R,87.91874851190941
S,80.46262374017178
T,73.90713627162637
P,17.303757125442203
Q,62.97363402509102
R,81.47060245206308
S,46.40551868490469
T,21.73537077093714
P,31.057011057225925
Q,45.16549827081907
R,42.666928935812365
S,67.23224592495096
T,67.81717320741248
P,49.10481307304853
Q,85.36904264032447
R,63.0720064599455
S,28.951002672292727
T,13.759255984417948
P,17.222819322888107
Q,74.99810347158359
R,83.69240908181526
S,49.04714135878845
T,29.825109058368536
P,88.79022036431863
Q,71.22128196046715
R,57.92941750536967
S,86.25126714179542
T,42.001357351700975
P,32.77386405134254
Q,54.42622305203622
R,67.7286149277028
S,88.00863892614234
T,83.79156588007268
P,71.91231966083171
Q,57.270800236513146
R,91.73578811937726
S,63.731234377094815
T,73.78248658525068
P,21.48168367170777
Q,33.98759466571348
R,98.9847358574527
S,72.70492659940449
T,93.12924897066173
P,48.273795693569255
Q,38.65986880906051
R,87.77017885540948
S,60.69184825177337
T,10.007574417779038
P,49.03047944032506
Q,85.24718277145263
R,81.43764974420377
S,40.469450019756025
T,46.39058059825741
P,39.41814248296672
Q,57.375664020554844
R,99.56457022492144
S,24.17131194910102
T,24.693304800062343
P,88.85115727980246
Q,13.800413354859655
R,90.22288464761233
S,64.67613149833937
T,90.64737211909083
P,56.40592125111704
Q,72.60221988881865
R,81.60363352543658
S,79.26069291151019
T,61.933735749779835
P,16.167554831376105
Q,75.1206997212092
R,99.33674036349234
S,89.52484181777864
T,43.28783744079893
P,78.90055484236687
Q,33.6790197425987
R,38.09291133157024
S,38.86030460450836
T,20.868565133176432
P,87.39119542286541
Q,46.632784241027494
R,81.16175151636895
S,55.87692300450395
T,76.43127576278658
P,18.79435608159393
Q,53.15181661619049
R,69.16542085970082
S,80.73814808280852
T,53.984640818597164
P,91.3178349063785
Q,64.95676471692214
R,93.14365158209856
S,56.16895450866635
T,17.15969074853366
P,33.76023455414591
Q,60.57529379080424
R,66.89569805499818
S,43.05402408807784
T,23.456549626852503
P,61.474709841065206
Q,43.394828979672205
R,98.5508593900812
S,42.074648952421015
T,47.62061573623141
P,17.726006770239774
Q,72.33631966786545
R,25.189996928651965
S,72.18340546610213
T,28.7315807062431
P,31.332975621871544
Q,61.34051128997257
R,19.88125322359122
S,84.35442668415068
T,58.569444728379715
P,87.81905715418145
Q,71.8039677586364
R,23.25666000002022
S,30.89054826515256
T,92.11104794772224
P,55.27615866995192
Q,50.0226413269615
R,89.99011126724673
S,40.473166428238144
T,19.521819917014856
P,97.97520106531566
Q,82.13249422783583
R,75.40873087302158
S,88.4433940753331
T,87.5417908129981
P,63.58138659055432
Q,39.5235047803823
R,32.36915124327638
S,65.74667998731857
T,46.87040978371222
